{"TimeStamp":"2025-06-23T22:53:31Z","SiteName":"ecommerceapi","RequestId":"d7bb0aeb-5084-11f0-9b1b-58020500ecbb","Kind":"OneDeploy","Status":"Success","Details":"{\"Id\":\"18b1283aa972461589df585da4c575cc\",\"Status\":4,\"StatusText\":\"\",\"AuthorEmail\":\"N/A\",\"Author\":\"N/A\",\"Message\":\"OneDeploy\",\"Progress\":\"\",\"Deployer\":\"OneDeploy\",\"ReceivedTime\":\"2025-06-23T22:53:24.6647409Z\",\"StartTime\":\"2025-06-23T22:53:24.8834956Z\",\"EndTime\":\"2025-06-23T22:53:31.0544797Z\",\"LastSuccessEndTime\":\"2025-06-23T22:53:31.0544797Z\",\"Complete\":true,\"IsTemporary\":false,\"IsReadOnly\":true,\"SiteName\":\"ecommerceapi\",\"HostName\":\"ecommerceapi-czemhjdhdedhdfaa.scm.canadaeast-01.azurewebsites.net\",\"ProjectType\":\"OneDeploy\",\"VsProjectId\":null}"}