<step title="Incoming Request" date="2025-06-23T22:50:47.252" instance="082d01" url="/api/publish?type=zip" method="POST" type="request" pid="5668,2,9" Cache-Control="no-cache" Content-Length="22834234" Content-Type="application/octet-stream" Accept="*/*" Accept-Encoding="gzip, deflate" Authorization="Bea..." Host="ecommerceapi-czemhjdhdedhdfaa.scm.canadaeast-01.azurewebsites.net" User-Agent="AZURECLI/2.71.0 (MSI)" x-ms-client-request-id="7eaa38ed-5084-11f0-b04b-58020500ecbb" X-ARR-LOG-ID="7eaa38ed-5084-11f0-b04b-58020500ecbb" CLIENT-IP="72.227.166.62:56857" X-SITE-DEPLOYMENT-ID="ecommerceapi" WAS-DEFAULT-HOSTNAME="ecommerceapi-czemhjdhdedhdfaa.scm.canadaeast-01.azurewebsites.net" X-Forwarded-Proto="https" X-AppService-Proto="https" X-Forwarded-TlsVersion="1.3" X-WAWS-Unencoded-URL="/api/publish?type=zip" >
  <step title="Cleanup Xml Logs" date="2025-06-23T22:50:47.267" /><!-- duration: 0ms -->
  <step title="OneDeploy" date="2025-06-23T22:50:47.895" >
    <step title="Starting PushDeployAsync" date="2025-06-23T22:50:48.048" /><!-- duration: 0ms -->
    <step title="Updating shutdown sentinel last write time" date="2025-06-23T22:50:48.237" SemaphoreCount="7" /><!-- duration: 0ms -->
    <step title="LockFile &apos;C:\home\site\locks\deployments.lock&apos; acquired" date="2025-06-23T22:50:48.251" /><!-- duration: 0ms -->
    <step title="Saving request content to C:\local\Temp\zipdeploy\aqx1rnoe.zip" date="2025-06-23T22:50:48.267" >
      <step title="Total 22,834,234 bytes written to C:\local\Temp\zipdeploy\aqx1rnoe.zip" date="2025-06-23T22:50:52.268" /><!-- duration: 0ms -->
    </step><!-- duration: 4001ms -->
    <step title="LockFile &apos;C:\home\site\locks\deployments.lock&apos; released" date="2025-06-23T22:50:52.268" /><!-- duration: 16ms -->
    <step title="Deleting shutdown sentinel file" date="2025-06-23T22:50:52.284" SemaphoreCount="8" /><!-- duration: 0ms -->
    <step title="Starting FetchDeploy" date="2025-06-23T22:50:52.299" /><!-- duration: 0ms -->
    <step title="Attempting to fetch target branch HEAD" date="2025-06-23T22:50:52.299" /><!-- duration: 19ms -->
    <step title="Updating shutdown sentinel last write time" date="2025-06-23T22:50:52.331" SemaphoreCount="7" /><!-- duration: 0ms -->
    <step title="LockFile &apos;C:\home\site\locks\deployments.lock&apos; acquired" date="2025-06-23T22:50:52.348" /><!-- duration: 0ms -->
    <step title="Performing fetch based deployment" date="2025-06-23T22:50:52.379" >
      <step title="Creating temporary deployment" date="2025-06-23T22:50:52.379" /><!-- duration: 61ms -->
      <step title="Fetching changes." date="2025-06-23T22:50:52.612" /><!-- duration: 0ms -->
      <step title="Starting LocalZipHandler" date="2025-06-23T22:50:52.643" /><!-- duration: 0ms -->
      <step title="Starting LocalZipFetch" date="2025-06-23T22:50:52.659" /><!-- duration: 0ms -->
      <step title="Cleaning up temp folders from previous zip deployments and extracting pushed zip file C:\local\Temp\zipdeploy\aqx1rnoe.zip (21.78 MB) to C:\local\Temp\zipdeploy\extracted" date="2025-06-23T22:50:52.674" /><!-- duration: 0ms -->
      <step title="Cleaning up temp folders from previous zip deployments and extracting pushed zip file C:\local\Temp\zipdeploy\aqx1rnoe.zip (21.78 MB) to C:\local\Temp\zipdeploy\extracted" date="2025-06-23T22:50:52.721" >
        <step title="Renaming extractTargetDirectory(C:\local\Temp\zipdeploy\extracted) to tempDirectory(C:\local\Temp\zipdeploy\3q40gmyj.lbv)" date="2025-06-23T22:50:52.721" /><!-- duration: 0ms -->
        <step title="Extracting 165 entries to C:\local\Temp\zipdeploy\extracted directory" date="2025-06-23T22:50:52.942" >
          <step title="Extracting to C:\local\Temp\zipdeploy\extracted\EcommerceFrontend\appsettings.Development.json ..." date="2025-06-23T22:50:52.972" /><!-- duration: 31ms -->
          <step title="Extracting to C:\local\Temp\zipdeploy\extracted\EcommerceFrontend\appsettings.json ..." date="2025-06-23T22:50:53.034" /><!-- duration: 0ms -->
          <step title="Extracting to C:\local\Temp\zipdeploy\extracted\EcommerceFrontend\Properties\launchSettings.json ..." date="2025-06-23T22:50:53.065" /><!-- duration: 37ms -->
          <step title="Extracting to C:\local\Temp\zipdeploy\extracted\publish\appsettings.Development.json ..." date="2025-06-23T22:50:53.102" /><!-- duration: 41ms -->
          <step title="Extracting to C:\local\Temp\zipdeploy\extracted\publish\appsettings.json ..." date="2025-06-23T22:50:53.163" /><!-- duration: 12ms -->
          <step title="Omitting extracting file traces ..." date="2025-06-23T22:50:53.174" /><!-- duration: 19ms -->
        </step><!-- duration: 3770ms -->
      </step><!-- duration: 4221ms -->
      <step title="None repository commit" date="2025-06-23T22:50:57.003" >
        <step title="Commit id: 5d82dd6440804e96bc72570c029495b9" date="2025-06-23T22:50:57.023" Message="OneDeploy" AuthorName="N/A" AuthorEmail="N/A" /><!-- duration: 11ms -->
      </step><!-- duration: 50ms -->
      <step title="Before sending BuildRequestReceived status to /api/updatedeploystatus" date="2025-06-23T22:50:57.053" /><!-- duration: 12ms -->
      <step title="DeploymentManager.Deploy(id:5d82dd6440804e96bc72570c029495b9)" date="2025-06-23T22:50:57.083" >
        <step title="Collecting changeset information" date="2025-06-23T22:50:57.096" /><!-- duration: 62ms -->
        <step title="Updating submodules" date="2025-06-23T22:50:57.159" >
          <step title="Updating submodules." date="2025-06-23T22:50:57.221" /><!-- duration: 0ms -->
        </step><!-- duration: 62ms -->
        <step title="Preparing deployment for commit id &apos;5d82dd6440&apos;." date="2025-06-23T22:50:57.331" /><!-- duration: 18ms -->
        <step title="Determining deployment builder" date="2025-06-23T22:50:57.429" >
          <step title="Builder is OneDeployBuilder" date="2025-06-23T22:50:57.440" /><!-- duration: 0ms -->
        </step><!-- duration: 11ms -->
        <step title="Copying SSH keys" date="2025-06-23T22:50:57.487" /><!-- duration: 0ms -->
        <step title="Building" date="2025-06-23T22:50:57.503" >
          <step title="Running build. Project type: OneDeploy" date="2025-06-23T22:50:57.534" /><!-- duration: 0ms -->
          <step title="Copying the manifest" date="2025-06-23T22:50:57.596" /><!-- duration: 0ms -->
          <step title="Clean deploying to C:\home\site\wwwroot" date="2025-06-23T22:50:57.674" /><!-- duration: 0ms -->
          <step title="Generating deployment script." date="2025-06-23T22:50:57.753" /><!-- duration: 0ms -->
          <step title="Generating deployment script" date="2025-06-23T22:50:57.771" >
            <step title="Using cached version of the deployment script for command: -y --no-dot-deployment -r &quot;C:\local\Temp\zipdeploy\extracted&quot; -o &quot;C:\home\site\deployments\tools&quot; --basic --sitePath &quot;C:\local\Temp\zipdeploy\extracted&quot;" date="2025-06-23T22:50:57.831" /><!-- duration: 20ms -->
            <step title="Using cached version of deployment script (command: &apos;azure -y --no-dot-deployment -r &quot;C:\local\Temp\zipdeploy\extracted&quot; -o &quot;C:\home\site\deployments\tools&quot; --basic --sitePath &quot;C:\local\Temp\zipdeploy\extracted&quot;&apos;)." date="2025-06-23T22:50:57.862" /><!-- duration: 0ms -->
          </step><!-- duration: 122ms -->
          <step title="Running deployment command..." date="2025-06-23T22:50:57.956" /><!-- duration: 0ms -->
          <step title="Command: &quot;C:\home\site\deployments\tools\deploy.cmd&quot;" date="2025-06-23T22:50:57.971" /><!-- duration: 0ms -->
          <step title="Executing external process" date="2025-06-23T22:50:58.022" type="process" path="starter.cmd" arguments="&quot;C:\home\site\deployments\tools\deploy.cmd&quot;" >
            <step title="Handling Basic Web Site deployment." date="2025-06-23T22:51:01.117" /><!-- duration: 10ms -->
            <step title="Creating app_offline.htm" date="2025-06-23T22:51:03.616" >
            <step title="Error: Failed to change file that is currently being used &quot;C:\home\site\wwwroot\ecommerce.db&quot;" date="2025-06-23T22:51:03.636" /><!-- duration: 0ms -->
/><!-- duration: 0ms -->
            <step title="KuduSync.NET from: &apos;C:\local\Temp\zipdeploy\extracted&apos; to: &apos;C:\home\site\wwwroot&apos;" date="2025-06-23T22:51:03.647" /><!-- duration: 0ms -->
            <step title="Deleting file: &apos;ecommerce.db&apos;" date="2025-06-23T22:51:03.678" /><!-- duration: 18ms -->
            <step title="Failed exitCode=1, command=&quot;kudusync&quot; -v 50 -x -f &quot;C:\local\Temp\zipdeploy\extracted&quot; -t &quot;C:\home\site\wwwroot&quot; -n &quot;C:\local\Temp\tmpDB08.tmp&quot; -p &quot;C:\local\Temp\tmpDB08.tmp&quot; -i &quot;.git;.hg;.deployment;deploy.cmd&quot;" date="2025-06-23T22:51:03.726" /><!-- duration: 0ms -->
            <step title="An error has occurred during web site deployment." date="2025-06-23T22:51:03.757" /><!-- duration: 0ms -->
            <step title="Process dump" date="2025-06-23T22:51:03.772" exitCode="255" type="processOutput" /><!-- duration: 0ms -->
          </step><!-- duration: 5765ms -->
          <step title="Error: Failed to change file that is currently being used &quot;C:\home\site\wwwroot\ecommerce.db&quot;
C:\Program Files (x86)\SiteExtensions\Kudu\103.250502.001\bin\Scripts\starter.cmd &quot;C:\home\site\deployments\tools\deploy.cmd&quot; DEPLOYMENTINFO: deploymentPath = OneDeploy, deployer = OneDeploy, os = windows, sku = Standard, siteName = ecommerceapi, siteHostName = ecommerceapi-czemhjdhdedhdfaa.canadaeast-01.azurewebsites.net, deploymentStatus = Error" date="2025-06-23T22:51:03.807" /><!-- duration: 0ms -->
          <step title="Error occurred" date="2025-06-23T22:51:03.837" type="error" text="Error: Failed to change file that is currently being used &quot;C:\home\site\wwwroot\ecommerce.db&quot;
C:\Program Files (x86)\SiteExtensions\Kudu\103.250502.001\bin\Scripts\starter.cmd &quot;C:\home\site\deployments\tools\deploy.cmd&quot;" stackTrace="   at Kudu.Core.Infrastructure.Executable.ExecuteInternal(ITracer tracer, Func`2 onWriteOutput, Func`2 onWriteError, Encoding encoding, String arguments, Object[] args)
   at Kudu.Core.Infrastructure.Executable.ExecuteWithProgressWriter(ILogger logger, ITracer tracer, String arguments, Object[] args)
   at Kudu.Core.Deployment.Generator.ExternalCommandBuilder.RunCommand(DeploymentContext context, String command, Boolean ignoreManifest, String message)" /><!-- duration: 0ms -->
          <step title="Build completed succesfully." date="2025-06-23T22:51:03.944" /><!-- duration: 0ms -->
          <step title="Running post deployment command(s)..." date="2025-06-23T22:51:04.069" /><!-- duration: 35ms -->
          <step title="Requesting site restart" date="2025-06-23T22:51:04.215" /><!-- duration: 11ms -->
          <step title="Requesting site restart" date="2025-06-23T22:51:04.225" /><!-- duration: 0ms -->
          <step title="Requesting site restart. Attempt #1" date="2025-06-23T22:51:04.355" /><!-- duration: 10ms -->
          <step title="Requesting site restart. Attempt #1" date="2025-06-23T22:51:04.366" /><!-- duration: 20ms -->
          <step title="Successfully requested a restart. Attempt #1" date="2025-06-23T22:51:04.819" /><!-- duration: 0ms -->
          <step title="Successfully requested a restart. Attempt #1" date="2025-06-23T22:51:04.838" /><!-- duration: 12ms -->
          <step title="Deployment successful. DEPLOYMENTINFO: deploymentPath = OneDeploy, deployer = OneDeploy, os = windows, sku = Standard, siteName = ecommerceapi, siteHostName = ecommerceapi-czemhjdhdedhdfaa.canadaeast-01.azurewebsites.net, deploymentStatus = Success" date="2025-06-23T22:51:04.928" /><!-- duration: 0ms -->
        </step><!-- duration: 7727ms -->
      </step><!-- duration: 8158ms -->
      <step title="Cleaning up temp files" date="2025-06-23T22:51:05.241" /><!-- duration: 0ms -->
      <step title="Skip function trigger and logicapp sync because function is not enabled." date="2025-06-23T22:51:05.272" /><!-- duration: 0ms -->
    </step><!-- duration: 12972ms -->
    <step title="LockFile &apos;C:\home\site\locks\deployments.lock&apos; released" date="2025-06-23T22:51:05.371" /><!-- duration: 11ms -->
    <step title="Deleting shutdown sentinel file" date="2025-06-23T22:51:05.401" SemaphoreCount="8" /><!-- duration: 12ms -->
  </step><!-- duration: 17536ms -->
  <step title="Outgoing response" date="2025-06-23T22:51:05.522" type="response" statusCode="200" statusText="OK" Server="Microsoft-IIS/10.0" x-ms-request-id="7eaa38ed-5084-11f0-b04b-58020500ecbb" Cache-Control="private" X-AspNet-Version="4.0.30319" /><!-- duration: 0ms -->
</step><!-- duration: 18290ms -->
