<step title="Incoming Request" date="2025-06-23T22:23:15.287" instance="082d01" url="/api/publish?type=zip" method="POST" type="request" pid="6948,2,9" Cache-Control="no-cache" Content-Length="22788027" Content-Type="application/octet-stream" Accept="*/*" Accept-Encoding="gzip, deflate" Authorization="Bea..." Host="ecommerceapi-czemhjdhdedhdfaa.scm.canadaeast-01.azurewebsites.net" User-Agent="AZURECLI/2.71.0 (MSI)" x-ms-client-request-id="a55d2b86-5080-11f0-9da3-58020500ecbb" X-ARR-LOG-ID="a55d2b86-5080-11f0-9da3-58020500ecbb" CLIENT-IP="72.227.166.62:55246" X-SITE-DEPLOYMENT-ID="ecommerceapi" WAS-DEFAULT-HOSTNAME="ecommerceapi-czemhjdhdedhdfaa.scm.canadaeast-01.azurewebsites.net" X-Forwarded-Proto="https" X-AppService-Proto="https" X-Forwarded-TlsVersion="1.3" X-WAWS-Unencoded-URL="/api/publish?type=zip" >
  <step title="Cleanup Xml Logs" date="2025-06-23T22:23:15.287" /><!-- duration: 17ms -->
  <step title="OneDeploy" date="2025-06-23T22:23:15.415" >
    <step title="Starting PushDeployAsync" date="2025-06-23T22:23:15.525" /><!-- duration: 0ms -->
    <step title="Updating shutdown sentinel last write time" date="2025-06-23T22:23:16.025" SemaphoreCount="7" /><!-- duration: 0ms -->
    <step title="LockFile &apos;C:\home\site\locks\deployments.lock&apos; acquired" date="2025-06-23T22:23:16.055" /><!-- duration: 0ms -->
    <step title="Saving request content to C:\local\Temp\zipdeploy\a1snyri0.zip" date="2025-06-23T22:23:16.068" >
      <step title="Total 22,788,027 bytes written to C:\local\Temp\zipdeploy\a1snyri0.zip" date="2025-06-23T22:23:22.861" /><!-- duration: 0ms -->
    </step><!-- duration: 6809ms -->
    <step title="LockFile &apos;C:\home\site\locks\deployments.lock&apos; released" date="2025-06-23T22:23:22.877" /><!-- duration: 16ms -->
    <step title="Deleting shutdown sentinel file" date="2025-06-23T22:23:22.908" SemaphoreCount="8" /><!-- duration: 0ms -->
    <step title="Starting FetchDeploy" date="2025-06-23T22:23:22.908" /><!-- duration: 21ms -->
    <step title="Attempting to fetch target branch HEAD" date="2025-06-23T22:23:22.939" /><!-- duration: 0ms -->
    <step title="Updating shutdown sentinel last write time" date="2025-06-23T22:23:23.127" SemaphoreCount="7" /><!-- duration: 17ms -->
    <step title="LockFile &apos;C:\home\site\locks\deployments.lock&apos; acquired" date="2025-06-23T22:23:23.164" /><!-- duration: 0ms -->
    <step title="Performing fetch based deployment" date="2025-06-23T22:23:23.174" >
      <step title="Creating temporary deployment" date="2025-06-23T22:23:23.174" /><!-- duration: 125ms -->
      <step title="Fetching changes." date="2025-06-23T22:23:23.567" /><!-- duration: 0ms -->
      <step title="Starting LocalZipHandler" date="2025-06-23T22:23:23.580" /><!-- duration: 17ms -->
      <step title="Starting LocalZipFetch" date="2025-06-23T22:23:23.617" /><!-- duration: 0ms -->
      <step title="Cleaning up temp folders from previous zip deployments and extracting pushed zip file C:\local\Temp\zipdeploy\a1snyri0.zip (21.73 MB) to C:\local\Temp\zipdeploy\extracted" date="2025-06-23T22:23:23.647" /><!-- duration: 11ms -->
      <step title="Cleaning up temp folders from previous zip deployments and extracting pushed zip file C:\local\Temp\zipdeploy\a1snyri0.zip (21.73 MB) to C:\local\Temp\zipdeploy\extracted" date="2025-06-23T22:23:23.658" >
        <step title="Extracting 135 entries to C:\local\Temp\zipdeploy\extracted directory" date="2025-06-23T22:23:23.707" >
          <step title="Extracting to C:\local\Temp\zipdeploy\extracted\EcommerceFrontend\appsettings.Development.json ..." date="2025-06-23T22:23:23.721" /><!-- duration: 17ms -->
          <step title="Extracting to C:\local\Temp\zipdeploy\extracted\EcommerceFrontend\appsettings.json ..." date="2025-06-23T22:23:23.738" /><!-- duration: 0ms -->
          <step title="Extracting to C:\local\Temp\zipdeploy\extracted\EcommerceFrontend\Properties\launchSettings.json ..." date="2025-06-23T22:23:23.738" /><!-- duration: 0ms -->
          <step title="Extracting to C:\local\Temp\zipdeploy\extracted\publish\appsettings.Development.json ..." date="2025-06-23T22:23:23.738" /><!-- duration: 14ms -->
          <step title="Extracting to C:\local\Temp\zipdeploy\extracted\publish\appsettings.json ..." date="2025-06-23T22:23:23.752" /><!-- duration: 0ms -->
          <step title="Omitting extracting file traces ..." date="2025-06-23T22:23:23.752" /><!-- duration: 16ms -->
        </step><!-- duration: 3560ms -->
      </step><!-- duration: 3627ms -->
      <step title="None repository commit" date="2025-06-23T22:23:27.286" >
        <step title="Commit id: 53158f163418429db339b8e1012e48d9" date="2025-06-23T22:23:27.286" Message="OneDeploy" AuthorName="N/A" AuthorEmail="N/A" /><!-- duration: 13ms -->
      </step><!-- duration: 13ms -->
      <step title="Before sending BuildRequestReceived status to /api/updatedeploystatus" date="2025-06-23T22:23:27.299" /><!-- duration: 0ms -->
      <step title="DeploymentManager.Deploy(id:53158f163418429db339b8e1012e48d9)" date="2025-06-23T22:23:27.316" >
        <step title="Collecting changeset information" date="2025-06-23T22:23:27.336" /><!-- duration: 60ms -->
        <step title="Updating submodules" date="2025-06-23T22:23:27.408" >
          <step title="Updating submodules." date="2025-06-23T22:23:27.457" /><!-- duration: 0ms -->
        </step><!-- duration: 63ms -->
        <step title="Preparing deployment for commit id &apos;53158f1634&apos;." date="2025-06-23T22:23:27.549" /><!-- duration: 0ms -->
        <step title="Determining deployment builder" date="2025-06-23T22:23:27.647" >
          <step title="Builder is OneDeployBuilder" date="2025-06-23T22:23:27.658" /><!-- duration: 0ms -->
        </step><!-- duration: 11ms -->
        <step title="Copying SSH keys" date="2025-06-23T22:23:27.690" /><!-- duration: 18ms -->
        <step title="Building" date="2025-06-23T22:23:27.708" >
          <step title="Running build. Project type: OneDeploy" date="2025-06-23T22:23:27.752" /><!-- duration: 16ms -->
          <step title="Copying the manifest" date="2025-06-23T22:23:27.815" /><!-- duration: 0ms -->
          <step title="Clean deploying to C:\home\site\wwwroot" date="2025-06-23T22:23:27.909" /><!-- duration: 0ms -->
          <step title="Generating deployment script." date="2025-06-23T22:23:27.990" /><!-- duration: 0ms -->
          <step title="Generating deployment script" date="2025-06-23T22:23:28.002" >
            <step title="Using the following command to generate deployment script: &apos;azure site deploymentscript -y --no-dot-deployment -r &quot;C:\local\Temp\zipdeploy\extracted&quot; -o &quot;C:\home\site\deployments\tools&quot; --basic --sitePath &quot;C:\local\Temp\zipdeploy\extracted&quot;&apos;." date="2025-06-23T22:23:28.100" /><!-- duration: 11ms -->
            <step title="Executing external process" date="2025-06-23T22:23:28.143" type="process" path="starter.cmd" arguments="&quot;C:\Program Files (x86)\SiteExtensions\Kudu\103.250502.001\bin\node_modules\.bin\kuduscript.cmd&quot; -y --no-dot-deployment -r &quot;C:\local\Temp\zipdeploy\extracted&quot; -o &quot;C:\home\site\deployments\tools&quot; --basic --sitePath &quot;C:\local\Temp\zipdeploy\extracted&quot;" >
              <step title="Generating deployment script for Web Site" date="2025-06-23T22:23:28.908" /><!-- duration: 20ms -->
            </step><!-- duration: 866ms -->
            <step title="Saved cached version of the deployment script for command -y --no-dot-deployment -r &quot;C:\local\Temp\zipdeploy\extracted&quot; -o &quot;C:\home\site\deployments\tools&quot; --basic --sitePath &quot;C:\local\Temp\zipdeploy\extracted&quot;" date="2025-06-23T22:23:29.018" /><!-- duration: 0ms -->
          </step><!-- duration: 1016ms -->
          <step title="Running deployment command..." date="2025-06-23T22:23:29.065" /><!-- duration: 16ms -->
          <step title="Command: &quot;C:\home\site\deployments\tools\deploy.cmd&quot;" date="2025-06-23T22:23:29.111" /><!-- duration: 0ms -->
          <step title="Executing external process" date="2025-06-23T22:23:29.129" type="process" path="starter.cmd" arguments="&quot;C:\home\site\deployments\tools\deploy.cmd&quot;" >
            <step title="Handling Basic Web Site deployment." date="2025-06-23T22:23:29.832" /><!-- duration: 0ms -->
            <step title="Creating app_offline.htm" date="2025-06-23T22:23:30.596" /><!-- duration: 18ms -->
            <step title="KuduSync.NET from: &apos;C:\local\Temp\zipdeploy\extracted&apos; to: &apos;C:\home\site\wwwroot&apos;" date="2025-06-23T22:23:30.627" /><!-- duration: 0ms -->
            <step title="Deleting file: &apos;hostingstart.html&apos;" date="2025-06-23T22:23:30.645" /><!-- duration: 0ms -->
            <step title="Copying file: &apos;appsettings.Development.json&apos;" date="2025-06-23T22:23:30.675" /><!-- duration: 0ms -->
            <step title="Copying file: &apos;appsettings.json&apos;" date="2025-06-23T22:23:30.705" /><!-- duration: 0ms -->
            <step title="Copying file: &apos;Azure.Core.dll&apos;" date="2025-06-23T22:23:30.725" /><!-- duration: 12ms -->
            <step title="Copying file: &apos;Azure.Identity.dll&apos;" date="2025-06-23T22:23:30.755" /><!-- duration: 0ms -->
            <step title="Copying file: &apos;EcommerceAPI.deps.json&apos;" date="2025-06-23T22:23:30.785" /><!-- duration: 0ms -->
            <step title="Copying file: &apos;EcommerceAPI.dll&apos;" date="2025-06-23T22:23:30.815" /><!-- duration: 20ms -->
            <step title="Copying file: &apos;EcommerceAPI.exe&apos;" date="2025-06-23T22:23:30.846" /><!-- duration: 0ms -->
            <step title="Copying file: &apos;EcommerceAPI.pdb&apos;" date="2025-06-23T22:23:30.877" /><!-- duration: 0ms -->
            <step title="Copying file: &apos;EcommerceAPI.runtimeconfig.json&apos;" date="2025-06-23T22:23:30.908" /><!-- duration: 0ms -->
            <step title="Copying file: &apos;EcommerceAPI.staticwebassets.endpoints.json&apos;" date="2025-06-23T22:23:30.946" /><!-- duration: 0ms -->
            <step title="Copying file: &apos;Microsoft.AspNetCore.Authentication.JwtBearer.dll&apos;" date="2025-06-23T22:23:30.976" /><!-- duration: 0ms -->
            <step title="Copying file: &apos;Microsoft.AspNetCore.Cryptography.Internal.dll&apos;" date="2025-06-23T22:23:31.006" /><!-- duration: 12ms -->
            <step title="Copying file: &apos;Microsoft.AspNetCore.Cryptography.KeyDerivation.dll&apos;" date="2025-06-23T22:23:31.036" /><!-- duration: 0ms -->
            <step title="Copying file: &apos;Microsoft.AspNetCore.Identity.EntityFrameworkCore.dll&apos;" date="2025-06-23T22:23:31.067" /><!-- duration: 0ms -->
            <step title="Copying file: &apos;Microsoft.AspNetCore.OpenApi.dll&apos;" date="2025-06-23T22:23:31.080" /><!-- duration: 16ms -->
            <step title="Copying file: &apos;Microsoft.Bcl.AsyncInterfaces.dll&apos;" date="2025-06-23T22:23:31.127" /><!-- duration: 20ms -->
            <step title="Copying file: &apos;Microsoft.Data.SqlClient.dll&apos;" date="2025-06-23T22:23:31.158" /><!-- duration: 19ms -->
            <step title="Copying file: &apos;Microsoft.Data.Sqlite.dll&apos;" date="2025-06-23T22:23:31.190" /><!-- duration: 18ms -->
            <step title="Copying file: &apos;Microsoft.EntityFrameworkCore.Abstractions.dll&apos;" date="2025-06-23T22:23:31.237" /><!-- duration: 0ms -->
            <step title="Copying file: &apos;Microsoft.EntityFrameworkCore.dll&apos;" date="2025-06-23T22:23:31.268" /><!-- duration: 0ms -->
            <step title="Copying file: &apos;Microsoft.EntityFrameworkCore.Relational.dll&apos;" date="2025-06-23T22:23:31.288" /><!-- duration: 11ms -->
            <step title="Copying file: &apos;Microsoft.EntityFrameworkCore.Sqlite.dll&apos;" date="2025-06-23T22:23:31.318" /><!-- duration: 0ms -->
            <step title="Copying file: &apos;Microsoft.EntityFrameworkCore.SqlServer.dll&apos;" date="2025-06-23T22:23:31.348" /><!-- duration: 0ms -->
            <step title="Copying file: &apos;Microsoft.Extensions.Caching.Abstractions.dll&apos;" date="2025-06-23T22:23:31.378" /><!-- duration: 0ms -->
            <step title="Copying file: &apos;Microsoft.Extensions.Caching.Memory.dll&apos;" date="2025-06-23T22:23:31.408" /><!-- duration: 0ms -->
            <step title="Copying file: &apos;Microsoft.Extensions.Configuration.Abstractions.dll&apos;" date="2025-06-23T22:23:31.428" /><!-- duration: 11ms -->
            <step title="Copying file: &apos;Microsoft.Extensions.DependencyInjection.Abstractions.dll&apos;" date="2025-06-23T22:23:31.459" /><!-- duration: 12ms -->
            <step title="Copying file: &apos;Microsoft.Extensions.DependencyInjection.dll&apos;" date="2025-06-23T22:23:31.489" /><!-- duration: 0ms -->
            <step title="Copying file: &apos;Microsoft.Extensions.DependencyModel.dll&apos;" date="2025-06-23T22:23:31.519" /><!-- duration: 0ms -->
            <step title="Copying file: &apos;Microsoft.Extensions.Identity.Core.dll&apos;" date="2025-06-23T22:23:31.549" /><!-- duration: 0ms -->
            <step title="Copying file: &apos;Microsoft.Extensions.Identity.Stores.dll&apos;" date="2025-06-23T22:23:31.599" /><!-- duration: 12ms -->
            <step title="Copying file: &apos;Microsoft.Extensions.Logging.Abstractions.dll&apos;" date="2025-06-23T22:23:31.630" /><!-- duration: 13ms -->
            <step title="Copying file: &apos;Microsoft.Extensions.Logging.dll&apos;" date="2025-06-23T22:23:31.660" /><!-- duration: 14ms -->
            <step title="Copying file: &apos;Microsoft.Extensions.Options.dll&apos;" date="2025-06-23T22:23:31.690" /><!-- duration: 20ms -->
            <step title="Copying file: &apos;Microsoft.Extensions.Primitives.dll&apos;" date="2025-06-23T22:23:31.740" /><!-- duration: 12ms -->
            <step title="Copying file: &apos;Microsoft.Identity.Client.dll&apos;" date="2025-06-23T22:23:31.783" /><!-- duration: 17ms -->
            <step title="Copying file: &apos;Microsoft.Identity.Client.Extensions.Msal.dll&apos;" date="2025-06-23T22:23:31.815" /><!-- duration: 16ms -->
            <step title="Copying file: &apos;Microsoft.IdentityModel.Abstractions.dll&apos;" date="2025-06-23T22:23:31.862" /><!-- duration: 19ms -->
            <step title="Copying file: &apos;Microsoft.IdentityModel.JsonWebTokens.dll&apos;" date="2025-06-23T22:23:31.893" /><!-- duration: 18ms -->
            <step title="Copying file: &apos;Microsoft.IdentityModel.Logging.dll&apos;" date="2025-06-23T22:23:32.002" /><!-- duration: 19ms -->
            <step title="Copying file: &apos;Microsoft.IdentityModel.Protocols.dll&apos;" date="2025-06-23T22:23:32.315" /><!-- duration: 18ms -->
            <step title="Copying file: &apos;Microsoft.IdentityModel.Protocols.OpenIdConnect.dll&apos;" date="2025-06-23T22:23:32.363" /><!-- duration: 20ms -->
            <step title="Copying file: &apos;Microsoft.IdentityModel.Tokens.dll&apos;" date="2025-06-23T22:23:32.835" /><!-- duration: 11ms -->
            <step title="Copying file: &apos;Microsoft.OpenApi.dll&apos;" date="2025-06-23T22:23:32.896" /><!-- duration: 0ms -->
            <step title="Copying file: &apos;Microsoft.SqlServer.Server.dll&apos;" date="2025-06-23T22:23:33.018" /><!-- duration: 18ms -->
            <step title="Copying file: &apos;Microsoft.Win32.SystemEvents.dll&apos;" date="2025-06-23T22:23:33.086" /><!-- duration: 10ms -->
            <step title="Copying file: &apos;SQLitePCLRaw.batteries_v2.dll&apos;" date="2025-06-23T22:23:33.127" /><!-- duration: 20ms -->
            <step title="Omitting next output lines..." date="2025-06-23T22:23:33.190" /><!-- duration: 0ms -->
            <step title="Finished successfully." date="2025-06-23T22:23:33.893" /><!-- duration: 0ms -->
          </step><!-- duration: 4784ms -->
          <step title="Build completed succesfully." date="2025-06-23T22:23:33.971" /><!-- duration: 16ms -->
          <step title="Running post deployment command(s)..." date="2025-06-23T22:23:34.034" /><!-- duration: 15ms -->
          <step title="Requesting site restart" date="2025-06-23T22:23:34.175" /><!-- duration: 0ms -->
          <step title="Requesting site restart" date="2025-06-23T22:23:34.190" /><!-- duration: 0ms -->
          <step title="Requesting site restart. Attempt #1" date="2025-06-23T22:23:34.268" /><!-- duration: 17ms -->
          <step title="Requesting site restart. Attempt #1" date="2025-06-23T22:23:34.285" /><!-- duration: 0ms -->
          <step title="Successfully requested a restart. Attempt #1" date="2025-06-23T22:23:34.877" /><!-- duration: 16ms -->
          <step title="Successfully requested a restart. Attempt #1" date="2025-06-23T22:23:34.893" /><!-- duration: 0ms -->
          <step title="Deployment successful. DEPLOYMENTINFO: deploymentPath = OneDeploy, deployer = OneDeploy, os = windows, sku = Standard, siteName = ecommerceapi, siteHostName = ecommerceapi-czemhjdhdedhdfaa.canadaeast-01.azurewebsites.net, deploymentStatus = Success" date="2025-06-23T22:23:34.955" /><!-- duration: 16ms -->
        </step><!-- duration: 7545ms -->
      </step><!-- duration: 7936ms -->
      <step title="Cleaning up temp files" date="2025-06-23T22:23:35.252" /><!-- duration: 15ms -->
      <step title="Skip function trigger and logicapp sync because function is not enabled." date="2025-06-23T22:23:35.283" /><!-- duration: 0ms -->
    </step><!-- duration: 12156ms -->
    <step title="LockFile &apos;C:\home\site\locks\deployments.lock&apos; released" date="2025-06-23T22:23:35.330" /><!-- duration: 0ms -->
    <step title="Deleting shutdown sentinel file" date="2025-06-23T22:23:35.330" SemaphoreCount="8" /><!-- duration: 0ms -->
  </step><!-- duration: 19931ms -->
  <step title="Outgoing response" date="2025-06-23T22:23:35.346" type="response" statusCode="200" statusText="OK" Server="Microsoft-IIS/10.0" x-ms-request-id="a55d2b86-5080-11f0-9da3-58020500ecbb" Cache-Control="private" X-AspNet-Version="4.0.30319" /><!-- duration: 17ms -->
</step><!-- duration: 20076ms -->
