<step title="Incoming Request" date="2025-06-23T22:42:39.309" instance="082d01" url="/api/publish?type=zip" method="POST" type="request" pid="2128,2,26" Cache-Control="no-cache" Content-Length="22803312" Content-Type="application/octet-stream" Accept="*/*" Accept-Encoding="gzip, deflate" Authorization="Bea..." Host="ecommerceapi-czemhjdhdedhdfaa.scm.canadaeast-01.azurewebsites.net" User-Agent="AZURECLI/2.71.0 (MSI)" x-ms-client-request-id="595c63e5-5083-11f0-a6a8-58020500ecbb" X-ARR-LOG-ID="595c63e5-5083-11f0-a6a8-58020500ecbb" CLIENT-IP="72.227.166.62:56284" X-SITE-DEPLOYMENT-ID="ecommerceapi" WAS-DEFAULT-HOSTNAME="ecommerceapi-czemhjdhdedhdfaa.scm.canadaeast-01.azurewebsites.net" X-Forwarded-Proto="https" X-AppService-Proto="https" X-Forwarded-TlsVersion="1.3" X-WAWS-Unencoded-URL="/api/publish?type=zip" >
  <step title="Cleanup Xml Logs" date="2025-06-23T22:42:39.309" /><!-- duration: 30ms -->
  <step title="OneDeploy" date="2025-06-23T22:42:39.450" >
    <step title="Starting PushDeployAsync" date="2025-06-23T22:42:39.542" /><!-- duration: 18ms -->
    <step title="Updating shutdown sentinel last write time" date="2025-06-23T22:42:39.731" SemaphoreCount="7" /><!-- duration: 0ms -->
    <step title="LockFile &apos;C:\home\site\locks\deployments.lock&apos; acquired" date="2025-06-23T22:42:39.761" /><!-- duration: 0ms -->
    <step title="Saving request content to C:\local\Temp\zipdeploy\ywt4thdp.zip" date="2025-06-23T22:42:39.776" >
      <step title="Total 22,803,312 bytes written to C:\local\Temp\zipdeploy\ywt4thdp.zip" date="2025-06-23T22:42:42.793" /><!-- duration: 0ms -->
    </step><!-- duration: 3032ms -->
    <step title="LockFile &apos;C:\home\site\locks\deployments.lock&apos; released" date="2025-06-23T22:42:42.808" /><!-- duration: 0ms -->
    <step title="Deleting shutdown sentinel file" date="2025-06-23T22:42:42.824" SemaphoreCount="8" /><!-- duration: 0ms -->
    <step title="Starting FetchDeploy" date="2025-06-23T22:42:42.824" /><!-- duration: 0ms -->
    <step title="Attempting to fetch target branch HEAD" date="2025-06-23T22:42:42.843" /><!-- duration: 0ms -->
    <step title="Updating shutdown sentinel last write time" date="2025-06-23T22:42:42.855" SemaphoreCount="7" /><!-- duration: 0ms -->
    <step title="LockFile &apos;C:\home\site\locks\deployments.lock&apos; acquired" date="2025-06-23T22:42:42.873" /><!-- duration: 0ms -->
    <step title="Performing fetch based deployment" date="2025-06-23T22:42:42.886" >
      <step title="Creating temporary deployment" date="2025-06-23T22:42:42.904" /><!-- duration: 50ms -->
      <step title="Fetching changes." date="2025-06-23T22:42:43.058" /><!-- duration: 0ms -->
      <step title="Starting LocalZipHandler" date="2025-06-23T22:42:43.094" /><!-- duration: 11ms -->
      <step title="Starting LocalZipFetch" date="2025-06-23T22:42:43.125" /><!-- duration: 0ms -->
      <step title="Cleaning up temp folders from previous zip deployments and extracting pushed zip file C:\local\Temp\zipdeploy\ywt4thdp.zip (21.75 MB) to C:\local\Temp\zipdeploy\extracted" date="2025-06-23T22:42:43.136" /><!-- duration: 0ms -->
      <step title="Cleaning up temp folders from previous zip deployments and extracting pushed zip file C:\local\Temp\zipdeploy\ywt4thdp.zip (21.75 MB) to C:\local\Temp\zipdeploy\extracted" date="2025-06-23T22:42:43.136" >
        <step title="Extracting 145 entries to C:\local\Temp\zipdeploy\extracted directory" date="2025-06-23T22:42:43.168" >
          <step title="Extracting to C:\local\Temp\zipdeploy\extracted\EcommerceFrontend\appsettings.Development.json ..." date="2025-06-23T22:42:43.168" /><!-- duration: 17ms -->
          <step title="Extracting to C:\local\Temp\zipdeploy\extracted\EcommerceFrontend\appsettings.json ..." date="2025-06-23T22:42:43.185" /><!-- duration: 0ms -->
          <step title="Extracting to C:\local\Temp\zipdeploy\extracted\EcommerceFrontend\Properties\launchSettings.json ..." date="2025-06-23T22:42:43.185" /><!-- duration: 14ms -->
          <step title="Extracting to C:\local\Temp\zipdeploy\extracted\publish\appsettings.Development.json ..." date="2025-06-23T22:42:43.199" /><!-- duration: 0ms -->
          <step title="Extracting to C:\local\Temp\zipdeploy\extracted\publish\appsettings.json ..." date="2025-06-23T22:42:43.199" /><!-- duration: 0ms -->
          <step title="Omitting extracting file traces ..." date="2025-06-23T22:42:43.246" /><!-- duration: 19ms -->
        </step><!-- duration: 3173ms -->
      </step><!-- duration: 3234ms -->
      <step title="None repository commit" date="2025-06-23T22:42:46.371" >
        <step title="Commit id: 5a898efe25c84abebb1d8ad0abed04ee" date="2025-06-23T22:42:46.371" Message="OneDeploy" AuthorName="N/A" AuthorEmail="N/A" /><!-- duration: 16ms -->
      </step><!-- duration: 16ms -->
      <step title="Before sending BuildRequestReceived status to /api/updatedeploystatus" date="2025-06-23T22:42:46.387" /><!-- duration: 0ms -->
      <step title="DeploymentManager.Deploy(id:5a898efe25c84abebb1d8ad0abed04ee)" date="2025-06-23T22:42:46.402" >
        <step title="Collecting changeset information" date="2025-06-23T22:42:46.421" /><!-- duration: 44ms -->
        <step title="Updating submodules" date="2025-06-23T22:42:46.482" >
          <step title="Updating submodules." date="2025-06-23T22:42:46.543" /><!-- duration: 19ms -->
        </step><!-- duration: 80ms -->
        <step title="Preparing deployment for commit id &apos;5a898efe25&apos;." date="2025-06-23T22:42:46.637" /><!-- duration: 16ms -->
        <step title="Determining deployment builder" date="2025-06-23T22:42:46.733" >
          <step title="Builder is OneDeployBuilder" date="2025-06-23T22:42:46.746" /><!-- duration: 0ms -->
        </step><!-- duration: 13ms -->
        <step title="Copying SSH keys" date="2025-06-23T22:42:46.762" /><!-- duration: 31ms -->
        <step title="Building" date="2025-06-23T22:42:46.793" >
          <step title="Running build. Project type: OneDeploy" date="2025-06-23T22:42:46.824" /><!-- duration: 0ms -->
          <step title="Copying the manifest" date="2025-06-23T22:42:46.903" /><!-- duration: 0ms -->
          <step title="Clean deploying to C:\home\site\wwwroot" date="2025-06-23T22:42:46.965" /><!-- duration: 0ms -->
          <step title="Generating deployment script." date="2025-06-23T22:42:47.105" /><!-- duration: 19ms -->
          <step title="Generating deployment script" date="2025-06-23T22:42:47.137" >
            <step title="Using cached version of the deployment script for command: -y --no-dot-deployment -r &quot;C:\local\Temp\zipdeploy\extracted&quot; -o &quot;C:\home\site\deployments\tools&quot; --basic --sitePath &quot;C:\local\Temp\zipdeploy\extracted&quot;" date="2025-06-23T22:42:47.215" /><!-- duration: 0ms -->
            <step title="Using cached version of deployment script (command: &apos;azure -y --no-dot-deployment -r &quot;C:\local\Temp\zipdeploy\extracted&quot; -o &quot;C:\home\site\deployments\tools&quot; --basic --sitePath &quot;C:\local\Temp\zipdeploy\extracted&quot;&apos;)." date="2025-06-23T22:42:47.230" /><!-- duration: 0ms -->
          </step><!-- duration: 125ms -->
          <step title="Running deployment command..." date="2025-06-23T22:42:47.293" /><!-- duration: 0ms -->
          <step title="Command: &quot;C:\home\site\deployments\tools\deploy.cmd&quot;" date="2025-06-23T22:42:47.324" /><!-- duration: 17ms -->
          <step title="Executing external process" date="2025-06-23T22:42:47.391" type="process" path="starter.cmd" arguments="&quot;C:\home\site\deployments\tools\deploy.cmd&quot;" >
            <step title="Handling Basic Web Site deployment." date="2025-06-23T22:42:47.984" /><!-- duration: 0ms -->
            <step title="Creating app_offline.htm" date="2025-06-23T22:42:52.137"             <step title="Error: Failed to change file that is currently being used &quot;C:\home\site\wwwroot\ecommerce.db&quot;" date="2025-06-23T22:42:52.137" /><!-- duration: 0ms -->
/><!-- duration: 20ms -->
            <step title="KuduSync.NET from: &apos;C:\local\Temp\zipdeploy\extracted&apos; to: &apos;C:\home\site\wwwroot&apos;" date="2025-06-23T22:42:52.169" /><!-- duration: 19ms -->
            <step title="Deleting file: &apos;ecommerce.db&apos;" date="2025-06-23T22:42:52.200" /><!-- duration: 18ms -->
            <step title="Failed exitCode=1, command=&quot;kudusync&quot; -v 50 -x -f &quot;C:\local\Temp\zipdeploy\extracted&quot; -t &quot;C:\home\site\wwwroot&quot; -n &quot;C:\local\Temp\tmp5E39.tmp&quot; -p &quot;C:\local\Temp\tmp5E39.tmp&quot; -i &quot;.git;.hg;.deployment;deploy.cmd&quot;" date="2025-06-23T22:42:52.268" /><!-- duration: 41ms -->
            <step title="An error has occurred during web site deployment." date="2025-06-23T22:42:52.340" /><!-- duration: 0ms -->
            <step title="Process dump" date="2025-06-23T22:42:52.356" exitCode="255" type="processOutput" /><!-- duration: 0ms -->
          </step><!-- duration: 4965ms -->
          <step title="Error: Failed to change file that is currently being used &quot;C:\home\site\wwwroot\ecommerce.db&quot;
C:\Program Files (x86)\SiteExtensions\Kudu\103.250502.001\bin\Scripts\starter.cmd &quot;C:\home\site\deployments\tools\deploy.cmd&quot; DEPLOYMENTINFO: deploymentPath = OneDeploy, deployer = OneDeploy, os = windows, sku = Standard, siteName = ecommerceapi, siteHostName = ecommerceapi-czemhjdhdedhdfaa.canadaeast-01.azurewebsites.net, deploymentStatus = Error" date="2025-06-23T22:42:52.372" /><!-- duration: 0ms -->
          <step title="Error occurred" date="2025-06-23T22:42:52.387" type="error" text="Error: Failed to change file that is currently being used &quot;C:\home\site\wwwroot\ecommerce.db&quot;
C:\Program Files (x86)\SiteExtensions\Kudu\103.250502.001\bin\Scripts\starter.cmd &quot;C:\home\site\deployments\tools\deploy.cmd&quot;" stackTrace="   at Kudu.Core.Infrastructure.Executable.ExecuteInternal(ITracer tracer, Func`2 onWriteOutput, Func`2 onWriteError, Encoding encoding, String arguments, Object[] args)
   at Kudu.Core.Infrastructure.Executable.ExecuteWithProgressWriter(ILogger logger, ITracer tracer, String arguments, Object[] args)
   at Kudu.Core.Deployment.Generator.ExternalCommandBuilder.RunCommand(DeploymentContext context, String command, Boolean ignoreManifest, String message)" /><!-- duration: 0ms -->
          <step title="Build completed succesfully." date="2025-06-23T22:42:52.469" /><!-- duration: 0ms -->
          <step title="Running post deployment command(s)..." date="2025-06-23T22:42:52.512" /><!-- duration: 0ms -->
          <step title="Requesting site restart" date="2025-06-23T22:42:52.653" /><!-- duration: 0ms -->
          <step title="Requesting site restart" date="2025-06-23T22:42:52.670" /><!-- duration: 0ms -->
          <step title="Requesting site restart. Attempt #1" date="2025-06-23T22:42:52.751" /><!-- duration: 0ms -->
          <step title="Requesting site restart. Attempt #1" date="2025-06-23T22:42:52.751" /><!-- duration: 12ms -->
          <step title="Successfully requested a restart. Attempt #1" date="2025-06-23T22:42:53.403" /><!-- duration: 16ms -->
          <step title="Successfully requested a restart. Attempt #1" date="2025-06-23T22:42:53.419" /><!-- duration: 0ms -->
          <step title="Deployment successful. DEPLOYMENTINFO: deploymentPath = OneDeploy, deployer = OneDeploy, os = windows, sku = Standard, siteName = ecommerceapi, siteHostName = ecommerceapi-czemhjdhdedhdfaa.canadaeast-01.azurewebsites.net, deploymentStatus = Success" date="2025-06-23T22:42:53.481" /><!-- duration: 0ms -->
        </step><!-- duration: 6898ms -->
      </step><!-- duration: 7299ms -->
      <step title="Cleaning up temp files" date="2025-06-23T22:42:53.701" /><!-- duration: 20ms -->
      <step title="Skip function trigger and logicapp sync because function is not enabled." date="2025-06-23T22:42:53.751" /><!-- duration: 0ms -->
    </step><!-- duration: 10923ms -->
    <step title="LockFile &apos;C:\home\site\locks\deployments.lock&apos; released" date="2025-06-23T22:42:53.829" /><!-- duration: 11ms -->
    <step title="Deleting shutdown sentinel file" date="2025-06-23T22:42:53.840" SemaphoreCount="8" /><!-- duration: 0ms -->
  </step><!-- duration: 14391ms -->
  <step title="Outgoing response" date="2025-06-23T22:42:53.840" type="response" statusCode="200" statusText="OK" Server="Microsoft-IIS/10.0" x-ms-request-id="595c63e5-5083-11f0-a6a8-58020500ecbb" Cache-Control="private" X-AspNet-Version="4.0.30319" /><!-- duration: 16ms -->
</step><!-- duration: 14547ms -->
