<step title="Incoming Request" date="2025-06-23T22:53:16.331" instance="082d01" url="/api/publish?type=zip" method="POST" type="request" pid="5668,2,14" Cache-Control="no-cache" Content-Length="22834234" Content-Type="application/octet-stream" Accept="*/*" Accept-Encoding="gzip, deflate" Authorization="Bea..." Host="ecommerceapi-czemhjdhdedhdfaa.scm.canadaeast-01.azurewebsites.net" User-Agent="AZURECLI/2.71.0 (MSI)" x-ms-client-request-id="d7bb0aeb-5084-11f0-9b1b-58020500ecbb" X-ARR-LOG-ID="d7bb0aeb-5084-11f0-9b1b-58020500ecbb" CLIENT-IP="72.227.166.62:57031" X-SITE-DEPLOYMENT-ID="ecommerceapi" WAS-DEFAULT-HOSTNAME="ecommerceapi-czemhjdhdedhdfaa.scm.canadaeast-01.azurewebsites.net" X-Forwarded-Proto="https" X-AppService-Proto="https" X-Forwarded-TlsVersion="1.3" X-WAWS-Unencoded-URL="/api/publish?type=zip" >
  <step title="Cleanup Xml Logs" date="2025-06-23T22:53:16.331" /><!-- duration: 16ms -->
  <step title="OneDeploy" date="2025-06-23T22:53:16.362" >
    <step title="Starting PushDeployAsync" date="2025-06-23T22:53:16.362" /><!-- duration: 0ms -->
    <step title="Updating shutdown sentinel last write time" date="2025-06-23T22:53:16.362" SemaphoreCount="7" /><!-- duration: 19ms -->
    <step title="LockFile &apos;C:\home\site\locks\deployments.lock&apos; acquired" date="2025-06-23T22:53:16.393" /><!-- duration: 0ms -->
    <step title="Saving request content to C:\local\Temp\zipdeploy\si1bldi0.zip" date="2025-06-23T22:53:16.393" >
      <step title="Total 22,834,234 bytes written to C:\local\Temp\zipdeploy\si1bldi0.zip" date="2025-06-23T22:53:20.680" /><!-- duration: 16ms -->
    </step><!-- duration: 4302ms -->
    <step title="LockFile &apos;C:\home\site\locks\deployments.lock&apos; released" date="2025-06-23T22:53:20.695" /><!-- duration: 0ms -->
    <step title="Deleting shutdown sentinel file" date="2025-06-23T22:53:20.711" SemaphoreCount="8" /><!-- duration: 16ms -->
    <step title="Starting FetchDeploy" date="2025-06-23T22:53:20.727" /><!-- duration: 0ms -->
    <step title="Attempting to fetch target branch HEAD" date="2025-06-23T22:53:20.742" /><!-- duration: 0ms -->
    <step title="Updating shutdown sentinel last write time" date="2025-06-23T22:53:20.742" SemaphoreCount="7" /><!-- duration: 16ms -->
    <step title="LockFile &apos;C:\home\site\locks\deployments.lock&apos; acquired" date="2025-06-23T22:53:20.758" /><!-- duration: 16ms -->
    <step title="Performing fetch based deployment" date="2025-06-23T22:53:20.774" >
      <step title="Creating temporary deployment" date="2025-06-23T22:53:20.774" /><!-- duration: 31ms -->
      <step title="Fetching changes." date="2025-06-23T22:53:20.867" /><!-- duration: 0ms -->
      <step title="Starting LocalZipHandler" date="2025-06-23T22:53:20.887" /><!-- duration: 11ms -->
      <step title="Starting LocalZipFetch" date="2025-06-23T22:53:20.899" /><!-- duration: 0ms -->
      <step title="Cleaning up temp folders from previous zip deployments and extracting pushed zip file C:\local\Temp\zipdeploy\si1bldi0.zip (21.78 MB) to C:\local\Temp\zipdeploy\extracted" date="2025-06-23T22:53:20.899" /><!-- duration: 16ms -->
      <step title="Cleaning up temp folders from previous zip deployments and extracting pushed zip file C:\local\Temp\zipdeploy\si1bldi0.zip (21.78 MB) to C:\local\Temp\zipdeploy\extracted" date="2025-06-23T22:53:20.914" >
        <step title="Renaming extractTargetDirectory(C:\local\Temp\zipdeploy\extracted) to tempDirectory(C:\local\Temp\zipdeploy\tqab5jsg.kvq)" date="2025-06-23T22:53:20.930" /><!-- duration: 0ms -->
        <step title="Extracting 165 entries to C:\local\Temp\zipdeploy\extracted directory" date="2025-06-23T22:53:20.945" >
          <step title="Extracting to C:\local\Temp\zipdeploy\extracted\EcommerceFrontend\appsettings.Development.json ..." date="2025-06-23T22:53:21.150" /><!-- duration: 20ms -->
          <step title="Extracting to C:\local\Temp\zipdeploy\extracted\EcommerceFrontend\appsettings.json ..." date="2025-06-23T22:53:21.180" /><!-- duration: 0ms -->
          <step title="Extracting to C:\local\Temp\zipdeploy\extracted\EcommerceFrontend\Properties\launchSettings.json ..." date="2025-06-23T22:53:21.200" /><!-- duration: 11ms -->
          <step title="Extracting to C:\local\Temp\zipdeploy\extracted\publish\appsettings.Development.json ..." date="2025-06-23T22:53:21.211" /><!-- duration: 19ms -->
          <step title="Extracting to C:\local\Temp\zipdeploy\extracted\publish\appsettings.json ..." date="2025-06-23T22:53:21.230" /><!-- duration: 12ms -->
          <step title="Omitting extracting file traces ..." date="2025-06-23T22:53:21.242" /><!-- duration: 18ms -->
        </step><!-- duration: 3612ms -->
      </step><!-- duration: 3643ms -->
      <step title="None repository commit" date="2025-06-23T22:53:24.588" >
        <step title="Commit id: 18b1283aa972461589df585da4c575cc" date="2025-06-23T22:53:24.588" Message="OneDeploy" AuthorName="N/A" AuthorEmail="N/A" /><!-- duration: 30ms -->
      </step><!-- duration: 30ms -->
      <step title="Before sending BuildRequestReceived status to /api/updatedeploystatus" date="2025-06-23T22:53:24.618" /><!-- duration: 0ms -->
      <step title="DeploymentManager.Deploy(id:18b1283aa972461589df585da4c575cc)" date="2025-06-23T22:53:24.638" >
        <step title="Collecting changeset information" date="2025-06-23T22:53:24.649" /><!-- duration: 47ms -->
        <step title="Updating submodules" date="2025-06-23T22:53:24.696" >
          <step title="Updating submodules." date="2025-06-23T22:53:24.742" /><!-- duration: 16ms -->
        </step><!-- duration: 63ms -->
        <step title="Preparing deployment for commit id &apos;18b1283aa9&apos;." date="2025-06-23T22:53:24.852" /><!-- duration: 16ms -->
        <step title="Determining deployment builder" date="2025-06-23T22:53:24.899" >
          <step title="Builder is OneDeployBuilder" date="2025-06-23T22:53:24.919" /><!-- duration: 0ms -->
        </step><!-- duration: 31ms -->
        <step title="Copying SSH keys" date="2025-06-23T22:53:24.949" /><!-- duration: 12ms -->
        <step title="Building" date="2025-06-23T22:53:24.961" >
          <step title="Running build. Project type: OneDeploy" date="2025-06-23T22:53:24.992" /><!-- duration: 17ms -->
          <step title="Copying the manifest" date="2025-06-23T22:53:25.137" /><!-- duration: 0ms -->
          <step title="Clean deploying to C:\home\site\wwwroot" date="2025-06-23T22:53:25.258" /><!-- duration: 20ms -->
          <step title="Generating deployment script." date="2025-06-23T22:53:25.336" /><!-- duration: 16ms -->
          <step title="Generating deployment script" date="2025-06-23T22:53:25.352" >
            <step title="Using cached version of the deployment script for command: -y --no-dot-deployment -r &quot;C:\local\Temp\zipdeploy\extracted&quot; -o &quot;C:\home\site\deployments\tools&quot; --basic --sitePath &quot;C:\local\Temp\zipdeploy\extracted&quot;" date="2025-06-23T22:53:25.383" /><!-- duration: 0ms -->
            <step title="Using cached version of deployment script (command: &apos;azure -y --no-dot-deployment -r &quot;C:\local\Temp\zipdeploy\extracted&quot; -o &quot;C:\home\site\deployments\tools&quot; --basic --sitePath &quot;C:\local\Temp\zipdeploy\extracted&quot;&apos;)." date="2025-06-23T22:53:25.399" /><!-- duration: 0ms -->
          </step><!-- duration: 63ms -->
          <step title="Running deployment command..." date="2025-06-23T22:53:25.461" /><!-- duration: 0ms -->
          <step title="Command: &quot;C:\home\site\deployments\tools\deploy.cmd&quot;" date="2025-06-23T22:53:25.477" /><!-- duration: 16ms -->
          <step title="Executing external process" date="2025-06-23T22:53:25.492" type="process" path="starter.cmd" arguments="&quot;C:\home\site\deployments\tools\deploy.cmd&quot;" >
            <step title="Handling Basic Web Site deployment." date="2025-06-23T22:53:25.977" /><!-- duration: 0ms -->
            <step title="Creating app_offline.htm" date="2025-06-23T22:53:30.159" /><!-- duration: 0ms -->
            <step title="Error: Failed to change file that is currently being used &quot;C:\home\site\wwwroot\ecommerce.db&quot;" date="2025-06-23T22:53:30.159" /><!-- duration: 31ms -->
>
            <step title="KuduSync.NET from: &apos;C:\local\Temp\zipdeploy\extracted&apos; to: &apos;C:\home\site\wwwroot&apos;" date="2025-06-23T22:53:30.191" /><!-- duration: 19ms -->
            <step title="Deleting file: &apos;ecommerce.db&apos;" date="2025-06-23T22:53:30.240" /><!-- duration: 0ms -->
            <step title="Failed exitCode=1, command=&quot;kudusync&quot; -v 50 -x -f &quot;C:\local\Temp\zipdeploy\extracted&quot; -t &quot;C:\home\site\wwwroot&quot; -n &quot;C:\local\Temp\tmp1B93.tmp&quot; -p &quot;C:\local\Temp\tmp1B93.tmp&quot; -i &quot;.git;.hg;.deployment;deploy.cmd&quot;" date="2025-06-23T22:53:30.270" /><!-- duration: 0ms -->
            <step title="An error has occurred during web site deployment." date="2025-06-23T22:53:30.300" /><!-- duration: 0ms -->
            <step title="Process dump" date="2025-06-23T22:53:30.320" exitCode="255" type="processOutput" /><!-- duration: 11ms -->
          </step><!-- duration: 4839ms -->
          <step title="Error: Failed to change file that is currently being used &quot;C:\home\site\wwwroot\ecommerce.db&quot;
C:\Program Files (x86)\SiteExtensions\Kudu\103.250502.001\bin\Scripts\starter.cmd &quot;C:\home\site\deployments\tools\deploy.cmd&quot; DEPLOYMENTINFO: deploymentPath = OneDeploy, deployer = OneDeploy, os = windows, sku = Standard, siteName = ecommerceapi, siteHostName = ecommerceapi-czemhjdhdedhdfaa.canadaeast-01.azurewebsites.net, deploymentStatus = Error" date="2025-06-23T22:53:30.331" /><!-- duration: 0ms -->
          <step title="Error occurred" date="2025-06-23T22:53:30.347" type="error" text="Error: Failed to change file that is currently being used &quot;C:\home\site\wwwroot\ecommerce.db&quot;
C:\Program Files (x86)\SiteExtensions\Kudu\103.250502.001\bin\Scripts\starter.cmd &quot;C:\home\site\deployments\tools\deploy.cmd&quot;" stackTrace="   at Kudu.Core.Infrastructure.Executable.ExecuteInternal(ITracer tracer, Func`2 onWriteOutput, Func`2 onWriteError, Encoding encoding, String arguments, Object[] args)
   at Kudu.Core.Infrastructure.Executable.ExecuteWithProgressWriter(ILogger logger, ITracer tracer, String arguments, Object[] args)
   at Kudu.Core.Deployment.Generator.ExternalCommandBuilder.RunCommand(DeploymentContext context, String command, Boolean ignoreManifest, String message)" /><!-- duration: 0ms -->
          <step title="Build completed succesfully." date="2025-06-23T22:53:30.411" /><!-- duration: 0ms -->
          <step title="Running post deployment command(s)..." date="2025-06-23T22:53:30.441" /><!-- duration: 0ms -->
          <step title="Requesting site restart" date="2025-06-23T22:53:30.612" /><!-- duration: 0ms -->
          <step title="Requesting site restart" date="2025-06-23T22:53:30.612" /><!-- duration: 0ms -->
          <step title="Requesting site restart. Attempt #1" date="2025-06-23T22:53:30.692" /><!-- duration: 14ms -->
          <step title="Requesting site restart. Attempt #1" date="2025-06-23T22:53:30.706" /><!-- duration: 0ms -->
          <step title="Successfully requested a restart. Attempt #1" date="2025-06-23T22:53:30.862" /><!-- duration: 21ms -->
          <step title="Successfully requested a restart. Attempt #1" date="2025-06-23T22:53:30.913" /><!-- duration: 0ms -->
          <step title="Deployment successful. DEPLOYMENTINFO: deploymentPath = OneDeploy, deployer = OneDeploy, os = windows, sku = Standard, siteName = ecommerceapi, siteHostName = ecommerceapi-czemhjdhdedhdfaa.canadaeast-01.azurewebsites.net, deploymentStatus = Success" date="2025-06-23T22:53:30.956" /><!-- duration: 17ms -->
        </step><!-- duration: 6214ms -->
      </step><!-- duration: 6568ms -->
      <step title="Cleaning up temp files" date="2025-06-23T22:53:31.222" /><!-- duration: 0ms -->
      <step title="Skip function trigger and logicapp sync because function is not enabled." date="2025-06-23T22:53:31.237" /><!-- duration: 0ms -->
    </step><!-- duration: 10526ms -->
    <step title="LockFile &apos;C:\home\site\locks\deployments.lock&apos; released" date="2025-06-23T22:53:31.300" /><!-- duration: 0ms -->
    <step title="Deleting shutdown sentinel file" date="2025-06-23T22:53:31.300" SemaphoreCount="8" /><!-- duration: 16ms -->
  </step><!-- duration: 14954ms -->
  <step title="Outgoing response" date="2025-06-23T22:53:31.316" type="response" statusCode="200" statusText="OK" Server="Microsoft-IIS/10.0" x-ms-request-id="d7bb0aeb-5084-11f0-9b1b-58020500ecbb" Cache-Control="private" X-AspNet-Version="4.0.30319" /><!-- duration: 21ms -->
</step><!-- duration: 15016ms -->
