﻿<?xml version="1.0" encoding="utf-8"?>
<deployment>
  <id>5d82dd6440804e96bc72570c029495b9</id>
  <author>N/A</author>
  <deployer>OneDeploy</deployer>
  <authorEmail>N/A</authorEmail>
  <message>OneDeploy</message>
  <progress></progress>
  <status>Success</status>
  <statusText></statusText>
  <lastSuccessEndTime>2025-06-23T22:51:04.9444056Z</lastSuccessEndTime>
  <receivedTime>2025-06-23T22:50:57.1124078Z</receivedTime>
  <startTime>2025-06-23T22:50:57.3796788Z</startTime>
  <endTime>2025-06-23T22:51:04.9444056Z</endTime>
  <complete>True</complete>
  <is_temp>False</is_temp>
  <is_readonly>True</is_readonly>
  <project_type>OneDeploy</project_type>
  <vsproject_id></vsproject_id>
</deployment>