﻿<?xml version="1.0" encoding="utf-8"?>
<deployment>
  <id>18b1283aa972461589df585da4c575cc</id>
  <author>N/A</author>
  <deployer>OneDeploy</deployer>
  <authorEmail>N/A</authorEmail>
  <message>OneDeploy</message>
  <progress></progress>
  <status>Success</status>
  <statusText></statusText>
  <lastSuccessEndTime>2025-06-23T22:53:31.0544797Z</lastSuccessEndTime>
  <receivedTime>2025-06-23T22:53:24.6647409Z</receivedTime>
  <startTime>2025-06-23T22:53:24.8834956Z</startTime>
  <endTime>2025-06-23T22:53:31.0544797Z</endTime>
  <complete>True</complete>
  <is_temp>False</is_temp>
  <is_readonly>True</is_readonly>
  <project_type>OneDeploy</project_type>
  <vsproject_id></vsproject_id>
</deployment>