﻿<?xml version="1.0" encoding="utf-8"?>
<deployment>
  <id>53158f163418429db339b8e1012e48d9</id>
  <author>N/A</author>
  <deployer>OneDeploy</deployer>
  <authorEmail>N/A</authorEmail>
  <message>OneDeploy</message>
  <progress></progress>
  <status>Success</status>
  <statusText></statusText>
  <lastSuccessEndTime>2025-06-23T22:23:35.0026883Z</lastSuccessEndTime>
  <receivedTime>2025-06-23T22:23:27.361937Z</receivedTime>
  <startTime>2025-06-23T22:23:27.597845Z</startTime>
  <endTime>2025-06-23T22:23:35.0026883Z</endTime>
  <complete>True</complete>
  <is_temp>False</is_temp>
  <is_readonly>True</is_readonly>
  <project_type>OneDeploy</project_type>
  <vsproject_id></vsproject_id>
</deployment>