﻿<?xml version="1.0" encoding="utf-8"?>
<deployment>
  <id>5a898efe25c84abebb1d8ad0abed04ee</id>
  <author>N/A</author>
  <deployer>OneDeploy</deployer>
  <authorEmail>N/A</authorEmail>
  <message>OneDeploy</message>
  <progress></progress>
  <status>Success</status>
  <statusText></statusText>
  <lastSuccessEndTime>2025-06-23T22:42:53.5284462Z</lastSuccessEndTime>
  <receivedTime>2025-06-23T22:42:46.4339162Z</receivedTime>
  <startTime>2025-06-23T22:42:46.6839195Z</startTime>
  <endTime>2025-06-23T22:42:53.5284462Z</endTime>
  <complete>True</complete>
  <is_temp>False</is_temp>
  <is_readonly>True</is_readonly>
  <project_type>OneDeploy</project_type>
  <vsproject_id></vsproject_id>
</deployment>